file,function,start_line,end_line
".vscode-test/vscode-linux-x64-1.126.0/resources/app/extensions/ipynb/notebook-out/cellAttachmentRenderer.js","p",1,1
".vscode-test/vscode-linux-x64-1.126.0/resources/app/extensions/markdown-language-features/markdown-editor-src/editor.ts","acquireVsCodeApi",21,115
".vscode-test/vscode-linux-x64-1.126.0/resources/app/extensions/markdown-language-features/markdown-editor-src/editor.ts","constructor",32,61
".vscode-test/vscode-linux-x64-1.126.0/resources/app/extensions/markdown-language-features/markdown-editor-src/syntaxHighlighter.ts","fontStyleRules",43,56
".vscode-test/vscode-linux-x64-1.126.0/resources/app/extensions/markdown-language-features/markdown-editor-src/syntaxHighlighter.ts","colorRules",58,60
".vscode-test/vscode-linux-x64-1.126.0/resources/app/extensions/markdown-language-features/markdown-editor-src/syntaxHighlighter.ts","classNameFor",62,67
".vscode-test/vscode-linux-x64-1.126.0/resources/app/extensions/markdown-language-features/markdown-editor-src/syntaxHighlighter.ts","makeSnapshot",69,74
".vscode-test/vscode-linux-x64-1.126.0/resources/app/extensions/markdown-language-features/markdown-editor-src/syntaxHighlighter.ts","unstyledTokens",76,78
".vscode-test/vscode-linux-x64-1.126.0/resources/app/extensions/markdown-language-features/markdown-editor-src/syntaxHighlighter.ts","adjustTokens",86,94
".vscode-test/vscode-linux-x64-1.126.0/resources/app/extensions/markdown-language-features/media/pre.js","a",1,1
".vscode-test/vscode-linux-x64-1.126.0/resources/app/extensions/media-preview/media/audioPreview.js","getSettings",12,22
".vscode-test/vscode-linux-x64-1.126.0/resources/app/extensions/media-preview/media/audioPreview.js","onLoaded",37,46
".vscode-test/vscode-linux-x64-1.126.0/resources/app/extensions/media-preview/media/imagePreview.js","clamp",15,17
".vscode-test/vscode-linux-x64-1.126.0/resources/app/extensions/media-preview/media/imagePreview.js","getSettings",19,29
".vscode-test/vscode-linux-x64-1.126.0/resources/app/extensions/media-preview/media/imagePreview.js","updateScale",81,134
".vscode-test/vscode-linux-x64-1.126.0/resources/app/extensions/media-preview/media/imagePreview.js","setActive",136,152
".vscode-test/vscode-linux-x64-1.126.0/resources/app/extensions/media-preview/media/imagePreview.js","firstZoom",154,168
".vscode-test/vscode-linux-x64-1.126.0/resources/app/extensions/media-preview/media/imagePreview.js","zoomIn",170,182
".vscode-test/vscode-linux-x64-1.126.0/resources/app/extensions/media-preview/media/imagePreview.js","zoomOut",184,196
".vscode-test/vscode-linux-x64-1.126.0/resources/app/extensions/media-preview/media/imagePreview.js","copyImage",390,415
".vscode-test/vscode-linux-x64-1.126.0/resources/app/extensions/media-preview/media/videoPreview.js","getSettings",12,22
".vscode-test/vscode-linux-x64-1.126.0/resources/app/extensions/media-preview/media/videoPreview.js","onLoaded",40,49
".vscode-test/vscode-linux-x64-1.126.0/resources/app/extensions/ms-vscode.js-debug/src/targets/node/terminateProcess.sh","terminateTree",6,11
".vscode-test/vscode-linux-x64-1.126.0/resources/app/extensions/simple-browser/media/index.js","c",1,1
".vscode-test/vscode-linux-x64-1.127.0/resources/app/extensions/ipynb/notebook-out/cellAttachmentRenderer.js","p",1,1
".vscode-test/vscode-linux-x64-1.127.0/resources/app/extensions/markdown-language-features/markdown-editor-src/editor.ts","acquireVsCodeApi",21,117
".vscode-test/vscode-linux-x64-1.127.0/resources/app/extensions/markdown-language-features/markdown-editor-src/editor.ts","constructor",32,61
".vscode-test/vscode-linux-x64-1.127.0/resources/app/extensions/markdown-language-features/markdown-editor-src/syntaxHighlighter.ts","fontStyleRules",43,56
".vscode-test/vscode-linux-x64-1.127.0/resources/app/extensions/markdown-language-features/markdown-editor-src/syntaxHighlighter.ts","colorRules",58,60
".vscode-test/vscode-linux-x64-1.127.0/resources/app/extensions/markdown-language-features/markdown-editor-src/syntaxHighlighter.ts","classNameFor",62,67
".vscode-test/vscode-linux-x64-1.127.0/resources/app/extensions/markdown-language-features/markdown-editor-src/syntaxHighlighter.ts","makeSnapshot",69,74
".vscode-test/vscode-linux-x64-1.127.0/resources/app/extensions/markdown-language-features/markdown-editor-src/syntaxHighlighter.ts","unstyledTokens",76,78
".vscode-test/vscode-linux-x64-1.127.0/resources/app/extensions/markdown-language-features/markdown-editor-src/syntaxHighlighter.ts","adjustTokens",86,94
".vscode-test/vscode-linux-x64-1.127.0/resources/app/extensions/markdown-language-features/media/pre.js","a",1,1
".vscode-test/vscode-linux-x64-1.127.0/resources/app/extensions/media-preview/media/audioPreview.js","getSettings",12,22
".vscode-test/vscode-linux-x64-1.127.0/resources/app/extensions/media-preview/media/audioPreview.js","onLoaded",37,46
".vscode-test/vscode-linux-x64-1.127.0/resources/app/extensions/media-preview/media/imagePreview.js","clamp",15,17
".vscode-test/vscode-linux-x64-1.127.0/resources/app/extensions/media-preview/media/imagePreview.js","getSettings",19,29
".vscode-test/vscode-linux-x64-1.127.0/resources/app/extensions/media-preview/media/imagePreview.js","updateScale",81,134
".vscode-test/vscode-linux-x64-1.127.0/resources/app/extensions/media-preview/media/imagePreview.js","setActive",136,152
".vscode-test/vscode-linux-x64-1.127.0/resources/app/extensions/media-preview/media/imagePreview.js","firstZoom",154,168
".vscode-test/vscode-linux-x64-1.127.0/resources/app/extensions/media-preview/media/imagePreview.js","zoomIn",170,182
".vscode-test/vscode-linux-x64-1.127.0/resources/app/extensions/media-preview/media/imagePreview.js","zoomOut",184,196
".vscode-test/vscode-linux-x64-1.127.0/resources/app/extensions/media-preview/media/imagePreview.js","copyImage",390,415
".vscode-test/vscode-linux-x64-1.127.0/resources/app/extensions/media-preview/media/videoPreview.js","getSettings",12,22
".vscode-test/vscode-linux-x64-1.127.0/resources/app/extensions/media-preview/media/videoPreview.js","onLoaded",40,49
".vscode-test/vscode-linux-x64-1.127.0/resources/app/extensions/ms-vscode.js-debug/src/targets/node/terminateProcess.sh","terminateTree",6,11
".vscode-test/vscode-linux-x64-1.127.0/resources/app/extensions/simple-browser/media/index.js","c",1,1
"media/chat.js","removeLocalHistoryDivider",57,57
"media/chat.js","insertLocalHistoryDivider",59,59
"media/chat.js","setConnectingPlaceholder",61,72
"media/chat.js","detectStepLabel",94,97
"media/chat.js","formatDetectStepDetail",99,130
"media/chat.js","setDetectEnvIcon",132,137
"media/chat.js","formatDetectProgressDisplay",139,142
"media/chat.js","setDetectEnvDetailsTitle",144,150
"media/chat.js","setDetectEnvDetailsOpen",152,165
"media/chat.js","buildDetectStepRow",167,186
"media/chat.js","ensureDetectStepsList",188,197
"media/chat.js","refreshDetectStepLabels",199,205
"media/chat.js","resetDetectStepsList",207,216
"media/chat.js","updateDetectStepsList",218,232
"media/chat.js","ensureDetectEnvironmentPanel",234,240
"media/chat.js","showDetectEnvironmentBar",242,246
"media/chat.js","hideDetectEnvironmentBar",248,253
"media/chat.js","setDetectEnvironmentCompact",255,262
"media/chat.js","updateDetectEnvironmentStep",264,272
"media/chat.js","initDetectEnvironmentStart",274,296
"media/chat.js","finishDetectEnvironmentPanel",298,309
"media/chat.js","showConfigureEnvDetectPanel",340,343
"media/chat.js","updateConfigureEnvPathClearVisibility",345,349
"media/chat.js","clearConfigureEnvPath",351,362
"media/chat.js","hideConfigureEnvDetectProgress",364,376
"media/chat.js","hideConfigureEnvDetectPanel",378,386
"media/chat.js","closeConfigureEnvDetectPanel",388,395
"media/chat.js","createConfigureEnvFolderIcon",397,405
"media/chat.js","setConfigureEnvDetectDetailsOpen",407,419
"media/chat.js","setConfigureEnvDetectDetailsTitle",421,426
"media/chat.js","updateConfigureEnvSystemHint",428,446
"media/chat.js","setConfigureEnvDetecting",448,453
"media/chat.js","resetConfigureEnvDetectPanel",455,458
"media/chat.js","openConfigureEnvModal",460,470
"media/chat.js","closeConfigureEnvModal",472,476
"media/chat.js","initConfigureEnvDetectStart",478,494
"media/chat.js","updateConfigureEnvDetectProgress",496,504
"media/chat.js","basenameFromPath",506,510
"media/chat.js","selectConfigureEnvCandidate",512,523
"media/chat.js","renderConfigureEnvCandidates",525,623
"media/chat.js","finishConfigureEnvDetect",625,642
"media/chat.js","startConfigureEnvDetect",644,659
"media/chat.js","saveConfigureEnvPath",661,667
"media/chat.js","browseConfigureEnvPath",669,672
"media/chat.js","requestConfigureEnvSystemPath",674,680
"media/chat.js","buildFaqAccordion",682,721
"media/chat.js","applyLocale",723,921
"media/chat.js","getChatRegionHeight",927,935
"media/chat.js","getInputHeightCeiling",937,939
"media/chat.js","getInputMaxHeight",941,948
"media/chat.js","getEffectiveInputMaxHeight",950,952
"media/chat.js","syncInputHeightFromContent",954,960
"media/chat.js","setInputMaxHeight",962,975
"media/chat.js","endDrag",993,1000
"media/chat.js","maybeFocusInputAfterResponse",1045,1057
"media/chat.js","requestAnimationFrame",1052,1056
"media/chat.js","resetContextAttachPickerElement",1059,1065
"media/chat.js","forceHideContextAttachPicker",1067,1081
"media/chat.js","finishHideContextAttachPicker",1083,1097
"media/chat.js","hideContextAttachPicker",1099,1122
"media/chat.js","onExitEnd",1114,1120
"media/chat.js","positionContextAttachTooltip",1124,1138
"media/chat.js","showContextAttachTooltip",1140,1151
"media/chat.js","requestAnimationFrame",1148,1150
"media/chat.js","hideContextAttachTooltip",1153,1157
"media/chat.js","bindContextAttachTooltip",1159,1167
"media/chat.js","getContextAttachRegionGroups",1169,1179
"media/chat.js","ensureGroupSelectableForContextAttach",1181,1202
"media/chat.js","ensureContextAttachSelectableTargets",1204,1206
"media/chat.js","clearContextAttachSelectableTargets",1208,1220
"media/chat.js","getExistingCustomAttachIndices",1222,1230
"media/chat.js","applyContextAttachIndicesToSelection",1232,1246
"media/chat.js","getCustomContextAttachSelectionCount",1248,1259
"media/chat.js","getContextAttachCountLabel",1261,1263
"media/chat.js","getContextAttachOptionLabel",1265,1290
"media/chat.js","updateContextAttachButtonLabel",1292,1312
"media/chat.js","requestAnimationFrame",1305,1307
"media/chat.js","getGroupPreviewRoleLabel",1314,1325
"media/chat.js","getGroupPreviewText",1327,1335
"media/chat.js","isAttachableMemoryGroup",1337,1341
"media/chat.js","getAttachableMemoryGroups",1343,1345
"media/chat.js","resolveAttachPreviewGroups",1347,1390
"media/chat.js","hasContextAttachSelection",1392,1394
"media/chat.js","isInsideContextAttachPreview",1396,1401
"media/chat.js","estimateContextAttachInputTokens",1403,1415
"media/chat.js","updateContextAttachPreviewTitle",1417,1426
"media/chat.js","renderContextAttachPreviewContent",1428,1447
"media/chat.js","positionContextAttachPreview",1449,1463
"media/chat.js","showContextAttachPreview",1465,1483
"media/chat.js","requestAnimationFrame",1480,1482
"media/chat.js","hideContextAttachPreview",1485,1490
"media/chat.js","bindContextAttachPreview",1492,1518
"media/chat.js","renderContextAttachOptions",1520,1562
"media/chat.js","showContextAttachPicker",1564,1599
"media/chat.js","onPickerAnimEnd",1577,1583
"media/chat.js","onAttentionEnd",1586,1592
"media/chat.js","enterContextAttachSelectMode",1601,1612
"media/chat.js","confirmContextAttachSelection",1614,1628
"media/chat.js","getUnconfirmedCustomSelectionIndices",1630,1635
"media/chat.js","hasUnconfirmedCustomMemorySelection",1637,1645
"media/chat.js","buildContextAttachPayload",1647,1670
"media/chat.js","finalizeContextAttachSelectionFromPending",1672,1689
"media/chat.js","openContextAttachSendModal",1691,1694
"media/chat.js","closeContextAttachSendModal",1696,1699
"media/chat.js","executeSendMessage",1701,1720
"media/chat.js","openSwitchSessionModal",1722,1733
"media/chat.js","closeSwitchSessionModal",1735,1738
"media/chat.js","requestSwitchSession",1740,1749
"media/chat.js","isMessagesAtBottom",1760,1765
"media/chat.js","isActivelyStreaming",1767,1769
"media/chat.js","maybeScrollToBottom",1771,1778
"media/chat.js","scheduleScrollReenable",1780,1791
"media/chat.js","onMessagesScroll",1793,1801
"media/chat.js","resetAutoScrollFollow",1807,1813
"media/chat.js","formatTokenCount",1815,1827
"media/chat.js","updateTokenUsage",1829,1850
"media/chat.js","getAuxCollapsedLines",1864,1866
"media/chat.js","getAuxCollapsedMaxHeight",1868,1870
"media/chat.js","auxDetailOverflows",1872,1876
"media/chat.js","syncAuxiliaryDetailView",1878,1904
"media/chat.js","countNonemptyLines",1906,1910
"media/chat.js","isShortToolText",1912,1914
"media/chat.js","isAggregatedToolText",1916,1918
"media/chat.js","mergeToolTexts",1920,1922
"media/chat.js","canAggregateToolTexts",1924,1929
"media/chat.js","rebuildAggregateToolContent",1931,1939
"media/chat.js","resetToolAggregation",1941,1943
"media/chat.js","ensureAggregateEntries",1945,1960
"media/chat.js","isTodoContent",1964,1966
"media/chat.js","parseTodoItems",1968,2007
"media/chat.js","renderTodos",2009,2026
"media/chat.js","rebuildTodoPanel",2028,2044
"media/chat.js","escapeHtml",2046,2050
"media/chat.js","clearTodos",2052,2056
"media/chat.js","splitToolText",2063,2069
"media/chat.js","handleToolMessage",2071,2159
"media/chat.js","setAuxiliaryContent",2161,2171
"media/chat.js","parseToolCallText",2173,2242
"media/chat.js","formatToolName",2256,2276
"media/chat.js","formatJsonObject",2279,2329
"media/chat.js","formatStringAsCode",2332,2339
"media/chat.js","formatToolOutput",2342,2362
"media/chat.js","buildAuxiliaryMessage",2407,2585
"media/chat.js","wireAuxiliaryMessage",2587,2628
"media/chat.js","finalizeAuxiliaryBubble",2630,2633
"media/chat.js","permissionBodyText",2635,2640
"media/chat.js","permissionOptionLabel",2642,2700
"media/chat.js","getPermissionCollapsedMaxHeight",2702,2704
"media/chat.js","permissionDetailOverflows",2706,2710
"media/chat.js","syncPermissionDetailView",2712,2732
"media/chat.js","updatePermissionContent",2734,2738
"media/chat.js","refreshPermissionOptionLabels",2740,2746
"media/chat.js","buildPermissionActions",2748,2775
"media/chat.js","applyPermissionResolvedUI",2777,2798
"media/chat.js","createPermissionCard",2800,2898
"media/chat.js","restorePermissionMessage",2900,2912
"media/chat.js","setInputMode",2933,2958
"media/chat.js","setQuickPanelOpen",2960,2969
"media/chat.js","setTimeout",2967,2967
"media/chat.js","toggleQuickPanel",2971,2973
"media/chat.js","updateConnectionActionVisibility",2975,2985
"media/chat.js","bindConnectionErrorActions",2987,2992
"media/chat.js","buildConnectionErrorPlaceholder",2994,3001
"media/chat.js","updateRetryVisibility",3003,3005
"media/chat.js","doRetry",3007,3011
"media/chat.js","doDetectEnvironment",3013,3016
"media/chat.js","updateStatus",3018,3034
"media/chat.js","isLogModalOpen",3049,3051
"media/chat.js","isLogAtBottom",3053,3058
"media/chat.js","maybeScrollLogToBottom",3060,3067
"media/chat.js","scheduleLogScrollReenable",3069,3078
"media/chat.js","onLogContentScroll",3080,3094
"media/chat.js","resetLogAutoScrollFollow",3096,3102
"media/chat.js","getVisibleLogText",3104,3115
"media/chat.js","renderLogContent",3117,3137
"media/chat.js","showModal",3139,3141
"media/chat.js","hideModal",3142,3144
"media/chat.js","openLogModal",3146,3151
"media/chat.js","copyToClipboard",3187,3195
"media/chat.js","fallbackCopyToClipboard",3197,3206
"media/chat.js","updateQuickActionBtns",3208,3217
"media/chat.js","getMessageContentEl",3226,3229
"media/chat.js","clearSearchMarks",3231,3239
"media/chat.js","wrapTextRange",3241,3271
"media/chat.js","updateChatSearchUI",3273,3291
"media/chat.js","applyChatSearchHighlight",3293,3325
"media/chat.js","runChatSearch",3327,3358
"media/chat.js","scheduleChatSearch",3360,3366
"media/chat.js","clearChatSearch",3368,3379
"media/chat.js","gotoChatSearchMatch",3381,3386
"media/chat.js","getSessionPlainText",3388,3402
"media/chat.js","flashQuickActionBtn",3404,3410
"media/chat.js","setTimeout",3407,3409
"media/chat.js","isSelectableRole",3412,3414
"media/chat.js","isGroupInContextAttachRegion",3416,3422
"media/chat.js","getSelectableGroups",3424,3437
"media/chat.js","getSelectedGroups",3439,3443
"media/chat.js","getGroupCheckbox",3445,3447
"media/chat.js","setGroupSelected",3449,3454
"media/chat.js","setGroupsSelected",3456,3463
"media/chat.js","areAllSelectableGroupsSelected",3465,3469
"media/chat.js","toggleGroupSelection",3471,3473
"media/chat.js","updateMultiSelectToolbar",3475,3502
"media/chat.js","enterMultiSelectMode",3504,3524
"media/chat.js","exitMultiSelectMode",3526,3555
"media/chat.js","wireSelectableGroup",3557,3571
"media/chat.js","assignSessionIndex",3573,3575
"media/chat.js","reindexSessionIndices",3577,3582
"media/chat.js","getGroupRoleLabel",3584,3590
"media/chat.js","getGroupMarkdownText",3592,3600
"media/chat.js","getGroupsPlainText",3602,3611
"media/chat.js","showSessionRenderBanner",3613,3629
"media/chat.js","forceHideSessionRenderBanner",3631,3636
"media/chat.js","hideSessionRenderBanner",3638,3649
"media/chat.js","onExitEnd",3642,3647
"media/chat.js","cancelSessionMarkdownRender",3651,3654
"media/chat.js","collectMarkdownRenderTargets",3656,3675
"media/chat.js","renderMarkdownTarget",3677,3688
"media/chat.js","scheduleSessionMarkdownRender",3690,3716
"media/chat.js","runBatch",3701,3714
"media/chat.js","getSelectedMessageIndices",3718,3724
"media/chat.js","requestSessionExport",3726,3735
"media/chat.js","getGroupsMarkdown",3737,3746
"media/chat.js","deleteSelectedGroups",3748,3766
"media/chat.js","exportSelectedGroups",3768,3772
"media/chat.js","getMessagePlainText",3774,3783
"media/chat.js","attachMessageActions",3785,3809
"media/chat.js","setTimeout",3800,3803
"media/chat.js","attachCopyButton",3811,3814
"media/chat.js","addMessage",3816,3913
"media/chat.js","renderMarkdown",3915,3935
"media/chat.js","clearAllToolLive",3937,3943
"media/chat.js","setAuxMessageLive",3945,3949
"media/chat.js","finalizeAssistantBubble",3951,3973
"media/chat.js","enableStopAfterAgentOutput",3975,3983
"media/chat.js","finishStreaming",3985,3992
"media/chat.js","appendToInput",3994,4007
"media/chat.js","insertIntoInput",4009,4023
"media/chat.js","insertToEditor",4025,4028
"media/chat.js","closeInsertDropdowns",4030,4035
"media/chat.js","createInsertDropdown",4037,4079
"media/chat.js","addBlockActions",4081,4106
"media/chat.js","setTimeout",4096,4099
"media/chat.js","tableToMarkdown",4108,4134
"media/chat.js","formatRow",4123,4127
"media/chat.js","setupTableBlock",4136,4146
"media/chat.js","addBlockActions",4143,4145
"media/chat.js","setupCodeBlock",4148,4163
"media/chat.js","addBlockActions",4158,4162
"media/chat.js","setupContentBlocks",4165,4173
"media/chat.js","hideFilePreview",4175,4184
"media/chat.js","showFilePreview",4186,4205
"media/chat.js","positionFilePreview",4207,4221
"media/chat.js","attachFileRefPreview",4223,4239
"media/chat.js","processFileRefs",4241,4283
"media/chat.js","hideFilePicker",4285,4292
"media/chat.js","renderFilePickerItems",4294,4318
"media/chat.js","updateFilePickerHighlight",4320,4327
"media/chat.js","selectFileMention",4329,4341
"media/chat.js","detectFileMention",4343,4363
"media/chat.js","resetChatView",4365,4384
"media/chat.js","newChat",4386,4388
"media/chat.js","clearChat",4390,4392
"media/chat.js","restoreHistory",4397,4446
"media/chat.js","appendRestoreBatch",4426,4444
"media/chat.js","removeHermesHistoryHeader",4449,4452
"media/chat.js","wireScrollToTopLoadMore",4454,4465
"media/chat.js","prependHistory",4467,4512
"media/chat.js","appendPrependBatch",4480,4510
"media/chat.js","sendMessage",4514,4519
"media/chat.js","setGroupsSelected",4611,4613
"media/chat.js","renderAboutContent",4786,4814
"media/chat.js","closeInfoModals",4816,4820
"media/chat.js","showHermesLoading",4896,4915
"media/chat.js","hideHermesLoading",4917,4925
"media/chat.js","showHermesSessionPicker",4927,4984
"media/chat.js","hideHermesSessionPicker",4986,4988
"media/chat.js","formatSessionTime",4990,4999
"media/chat.js","closeAllDropdowns",5016,5027
"media/chat.js","updatePermissionModeUI",5096,5110
"media/chat.js","renderPermissionModeOptions",5112,5129
"media/chat.js","renderProfileList",5209,5236
"media/chat.js","shouldShowModelPlaceholder",5241,5255
"media/chat.js","updateModelButtonDisplay",5257,5272
"media/chat.js","renderModelList",5274,5317
"media/chat.js","escapeHtml",5319,5321
"media/chat.js","startTabRename",5325,5381
"media/chat.js","finish",5347,5363
"media/chat.js","reorderSessionTabs",5383,5408
"media/chat.js","hideTabContextMenu",5410,5416
"media/chat.js","positionTabContextMenu",5418,5428
"media/chat.js","downloadSessionMarkdown",5430,5438
"media/chat.js","showTabContextMenu",5440,5502
"media/chat.js","wireTabDragDrop",5504,5539
"media/chat.js","renderSessionTabs",5541,5610
"media/chat.js","showPermissionRequest",5612,5660
"media/chat.js","resolvePermission",5662,5670
"media/chat.js","dismissPermissionRequest",5672,5679
"media/chat.js","isMessageForActiveSession",5682,5684
"media/chat.js","showDiffReviewBar",6022,6031
"media/chat.js","hideDiffReviewBar",6033,6037
"src/acp/AcpClient.ts","readTextFromContentBlock",95,108
"src/acp/AcpClient.ts","extractPermissionDetail",110,133
"src/acp/DiffReviewManager.ts","registerDiffContentProvider",35,42
"src/acp/acpModelCatalog.ts","buildCatalogFromModelOptions",23,57
"src/acp/acpModelCatalog.ts","buildCatalogFromHermesModelsRaw",60,137
"src/acp/acpModelCatalog.ts","resolveProfileDefaultFromOptions",139,159
"src/acp/acpModelCatalog.ts","parseProviderFromDescription",161,167
"src/acp/acpModelCatalog.ts","providerSlugFromDisplayName",169,175
"src/acp/acpModelCatalog.ts","resolveModelCatalog",178,189
"src/acp/acpModelCatalog.ts","flattenGroupModels",191,204
"src/acp/acpToolRegistration.ts","setDiffReviewManager",12,16
"src/acp/acpToolRegistration.ts","getRegisteredTools",18,30
"src/acp/acpToolRegistration.ts","registerToolInvocationCommand",32,57
"src/acp/acpToolRegistration.ts","getToolManifest",59,63
"src/acp/acpToolRegistration.ts","getEventsSubscriptions",71,123
"src/acp/contentText.ts","extractTextFromContentBlock",2,30
"src/acp/editorContextTools.ts","getActiveEditorContext",15,72
"src/acp/editorContextTools.ts","getOpenTabsContext",74,108
"src/acp/editorContextTools.ts","getAllOpenDocuments",110,124
"src/acp/editorContextTools.ts","getWorkspaceContext",126,141
"src/acp/editorContextTools.ts","getDirectoryContents",143,172
"src/acp/editorContextTools.ts","readDir",147,169
"src/acp/editorContextTools.ts","getDiagnostics",174,201
"src/acp/editorContextTools.ts","getGitContext",203,228
"src/acp/editorContextTools.ts","getTerminalContext",230,238
"src/acp/editorContextTools.ts","getCursorSurroundings",240,260
"src/acp/editorContextTools.ts","getDocumentSymbols",262,279
"src/acp/editorContextTools.ts","flattenSymbols",268,276
"src/acp/editorContextTools.ts","getReferencesAtCursor",281,305
"src/acp/editorContextTools.ts","getDefinitionsAtCursor",307,331
"src/acp/editorContextTools.ts","readFileContent",333,341
"src/acp/editorContextTools.ts","applyDiff",343,370
"src/acp/editorContextTools.ts","registerEditorContextTools",372,556
"src/acp/elicitationBridge.ts","createElicitationRequestId",42,44
"src/acp/elicitationBridge.ts","parseElicitationFormFields",46,82
"src/acp/fileLogger.ts","ensureStream",9,17
"src/acp/fileLogger.ts","logToFile",19,29
"src/acp/fileLogger.ts","closeLogger",31,36
"src/acp/fileLogger.ts","getLogFilePath",38,40
"src/acp/fsRead.ts","sliceTextByLines",7,22
"src/acp/hermesEnvironmentDetect.ts","buildEmptyDiagnostics",99,106
"src/acp/hermesEnvironmentDetect.ts","buildCancelledReport",108,115
"src/acp/hermesEnvironmentDetect.ts","cancelledIfAborted",117,119
"src/acp/hermesEnvironmentDetect.ts","execText",121,128
"src/acp/hermesEnvironmentDetect.ts","execCommand",130,133
"src/acp/hermesEnvironmentDetect.ts","isAcpCheckOk",157,159
"src/acp/hermesEnvironmentDetect.ts","combineProcessOutput",161,163
"src/acp/hermesEnvironmentDetect.ts","resolvePythonForHermes",165,178
"src/acp/hermesEnvironmentDetect.ts","checkHermesAcp",180,182
"src/acp/hermesEnvironmentDetect.ts","installAcpDependencies",240,242
"src/acp/hermesEnvironmentDetect.ts","buildPythonCandidates",260,271
"src/acp/hermesEnvironmentDetect.ts","resolvePythonInvocation",273,273
"src/acp/hermesEnvironmentDetect.ts","runPythonScript",280,287
"src/acp/hermesEnvironmentDetect.ts","probePathLookup",289,331
"src/acp/hermesEnvironmentDetect.ts","probeKnownPaths",333,344
"src/acp/hermesEnvironmentDetect.ts","probeHermesHomePaths",346,356
"src/acp/hermesEnvironmentDetect.ts","parsePipShowLocation",358,366
"src/acp/hermesEnvironmentDetect.ts","probePipInstall",368,370
"src/acp/hermesEnvironmentDetect.ts","probePythonImport",406,424
"src/acp/hermesEnvironmentDetect.ts","verifyExecutable",426,426
"src/acp/hermesEnvironmentDetect.ts","inferInstallMethod",461,478
"src/acp/hermesEnvironmentDetect.ts","buildRecommendation",480,504
"src/acp/hermesEnvironmentDetect.ts","detectHermesEnvironment",507,777
"src/acp/hermesEnvironmentDetect.ts","runProbeStep",540,554
"src/acp/hermesEnvironmentDetect.ts","findVerifiedHermesOnPath",779,824
"src/acp/hermesEnvironmentDetect.ts","tryResolveHermesQuick",827,844
"src/acp/hermesEnvironmentDetect.ts","scanHermesExecutables",847,850
"src/acp/hermesPathSetup.ts","pathsEqual",15,21
"src/acp/hermesPathSetup.ts","splitPathEntries",23,29
"src/acp/hermesPathSetup.ts","isDirectoryOnPath",31,34
"src/acp/hermesPathSetup.ts","sanitizeWindowsPathEntry",36,45
"src/acp/hermesPathSetup.ts","normalizeWindowsUserPath",47,60
"src/acp/hermesPathSetup.ts","escapePowerShellSingleQuoted",62,64
"src/acp/hermesPathSetup.ts","readWindowsUserPath",66,72
"src/acp/hermesPathSetup.ts","writeWindowsUserPath",74,86
"src/acp/hermesPathSetup.ts","unixShellProfileCandidates",88,103
"src/acp/hermesPathSetup.ts","resolveUnixProfileFile",105,114
"src/acp/hermesPathSetup.ts","readUnixProfilePaths",116,132
"src/acp/hermesPathSetup.ts","getHermesExecutableDirectory",134,136
"src/acp/hermesPathSetup.ts","addHermesDirectoryToSystemPath",138,179
"src/acp/hermesPaths.ts","resolveDefaultHermesHome",6,19
"src/acp/hermesPaths.ts","venvHermesCandidates",21,30
"src/acp/hermesPaths.ts","venvPythonCandidates",32,38
"src/acp/hermesPaths.ts","buildHermesExecutableCandidates",41,64
"src/acp/hermesPaths.ts","collectHermesHomes",66,80
"src/acp/hermesPaths.ts","accessExecutable",82,90
"src/acp/hermesPaths.ts","refreshWindowsPathFromRegistry",92,110
"src/acp/hermesPaths.ts","normalizeExecutableKey",112,115
"src/acp/hermesPaths.ts","hermesNotFoundMessage",117,137
"src/acp/hermesProfile.ts","normalizeHermesCliProfile",5,11
"src/acp/hermesProfile.ts","scopeKeyForCliProfile",14,20
"src/acp/mcpConfig.ts","recordToPairs",46,46
"src/acp/mcpConfig.ts","substituteMcpVariables",54,59
"src/acp/mcpConfig.ts","substituteArgs",62,64
"src/acp/mcpConfig.ts","substituteEnv",66,75
"src/acp/mcpConfig.ts","getMcpConfigPaths",78,86
"src/acp/mcpConfig.ts","readMcpConfigFile",88,101
"src/acp/mcpConfig.ts","mergeMcpServerMaps",103,107
"src/acp/mcpConfig.ts","loadMergedMcpServers",109,113
"src/acp/mcpConfig.ts","toSessionMcpServer",115,153
"src/acp/mcpConfig.ts","resolveMcpServersForSession",156,166
"src/acp/modelConfig.ts","flattenSelectOptions",52,81
"src/acp/modelConfig.ts","findModelConfigOption",84,103
"src/acp/modelConfig.ts","buildModelListState",105,128
"src/acp/modelConfig.ts","buildFallbackModelListState",130,150
"src/acp/modelConfig.ts","buildModelListStateFromHermesModels",153,192
"src/acp/modelConfig.ts","buildModelListStateFromSessionResponse",195,201
"src/acp/modelConfig.ts","isRuntimeModelSource",203,205
"src/acp/modelConfig.ts","isHermesModelValueId",208,210
"src/acp/modelConfig.ts","encodeHermesModelValueId",213,220
"src/acp/modelConfig.ts","mergeModelListItems",223,241
"src/acp/modelConfig.ts","findModelInGroups",243,254
"src/acp/modelConfig.ts","upsertModelInGroups",256,274
"src/acp/modelConfig.ts","buildModelListStateFromCatalog",277,284
"src/acp/modelConfig.ts","resolveCurrentModelSelection",327,334
"src/acp/modelConfig.ts","inList",336,344
"src/acp/modelConfig.ts","labelFor",337,344
"src/acp/modelConfig.ts","flattenGroupedModels",366,379
"src/acp/modelConfig.ts","enrichModelListState",382,418
"src/acp/modelConfig.ts","shouldUseHermesSetModel",421,434
"src/acp/permissionBridge.ts","createPermissionRequestId",51,53
"src/acp/permissionBridge.ts","normalizePermissionOptions",55,74
"src/acp/permissionBridge.ts","normalizeOptionKind",76,90
"src/acp/permissionBridge.ts","extractPermissionDetail",92,109
"src/acp/permissionBridge.ts","constructor",115,117
"src/acp/planUpdate.ts","mapPlanEntry",24,40
"src/acp/planUpdate.ts","mapPlanEntries",42,47
"src/acp/planUpdate.ts","extractPlanId",49,64
"src/acp/planUpdate.ts","parsePlanSessionUpdate",66,117
"src/acp/profileDiscovery.ts","parseProfileListOutput",26,48
"src/acp/profileDiscovery.ts","findHermesExecutable",50,60
"src/acp/profileDiscovery.ts","findHermesExecutableOrThrow",62,70
"src/acp/profileDiscovery.ts","runHermesCommand",72,104
"src/acp/profileDiscovery.ts","discoverHermesProfiles",107,115
"src/acp/profileModels.ts","discoverProfileModelCatalog",27,36
"src/acp/profileModels.ts","discoverProfileConfigModels",39,45
"src/acp/profileModels.ts","buildProfileModelCatalog",47,49
"src/acp/profileModels.ts","resolveProviderModelNames",85,114
"src/acp/profileModels.ts","_fetchOpenRouterModels",117,135
"src/acp/profileModels.ts","resolveProfileDefaultModel",137,166
"src/acp/profileModels.ts","alignGroupsWithProfileDefault",168,186
"src/acp/profileModels.ts","parseModelsFromConfigYaml",189,207
"src/acp/profileModels.ts","parseProviderDrafts",209,293
"src/acp/profileModels.ts","upsertDraft",295,312
"src/acp/profileModels.ts","collectExplicitModelNames",314,322
"src/acp/profileModels.ts","mergeModelNames",324,335
"src/acp/profileModels.ts","flattenGroupModels",337,350
"src/acp/profileModels.ts","readDiscoverModels",352,362
"src/acp/profileModels.ts","resolveConfigSecret",364,369
"src/acp/profileModels.ts","normalizeUrl",376,378
"src/acp/profileModels.ts","providerSlugFromName",380,383
"src/acp/profileModels.ts","normalizeProviderSlug",385,394
"src/acp/profileModels.ts","formatProviderDisplayName",396,413
"src/acp/profileModels.ts","inferNameFromUrl",415,434
"src/acp/profileModels.ts","readProfileConfigContent",436,454
"src/acp/profileModels.ts","readYamlModelNamesFromBlock",457,485
"src/acp/profileModels.ts","push",464,471
"src/acp/profileModels.ts","readYamlScalar",487,497
"src/acp/profileModels.ts","extractYamlSection",499,514
"src/acp/profileModels.ts","readYamlListBlocks",516,549
"src/acp/profileModels.ts","stripYamlScalar",551,560
"src/acp/profileModels.ts","escapeRegExp",562,564
"src/acp/profileModels.ts","loadProviderModelsCache",576,601
"src/acp/providerModelFetch.ts","fetchOpenAiCompatibleModels",2,43
"src/acp/toolCallUpdate.ts","detectToolType",70,99
"src/acp/toolCallUpdate.ts","getToolTypeIcon",101,103
"src/acp/toolCallUpdate.ts","detectToolState",106,125
"src/acp/toolCallUpdate.ts","formatToolTitle",127,141
"src/acp/toolCallUpdate.ts","normalizeToolCallStatus",143,151
"src/acp/toolCallUpdate.ts","extractToolCallBody",153,183
"src/acp/toolCallUpdate.ts","formatToolCallRawValue",185,198
"src/acp/toolCallUpdate.ts","formatToolCallSummary",200,203
"src/acp/toolCallUpdate.ts","formatToolCallDisplay",205,212
"src/acp/toolCallUpdate.ts","parseToolCallSessionUpdate",214,242
"src/acp/toolCallUpdate.ts","mergeToolCallBodies",244,257
"src/acp/vscodeMcpBridge.ts","_genConnectionId",18,20
"src/acp/vscodeMcpBridge.ts","handleMcpConnect",30,30
"src/acp/vscodeMcpBridge.ts","handleMcpMessage",44,65
"src/acp/vscodeMcpBridge.ts","handleMcpDisconnect",70,77
"src/acp/vscodeMcpBridge.ts","_handleToolsList",83,83
"src/acp/vscodeMcpBridge.ts","_handleToolsCall",93,95
"src/chat/HermesChatProvider.ts","pad",2872,2873
"src/chat/HermesChatProvider.ts","pad",2877,2878
"src/chat/HermesChatProvider.ts","vendorUri",3237,3242
"src/chat/contextAttach.ts","isAttachableRole",21,23
"src/chat/contextAttach.ts","attachRoleLabel",100,115
"src/chat/contextAttach.ts","buildContextAttachPrefix",117,134
"src/chat/contextAttach.ts","composePromptWithContext",136,146
"src/chat/profileStorage.ts","sanitizeProfileScopeKey",10,16
"src/chat/profileStorage.ts","profileDir",18,22
"src/chat/profileStorage.ts","sessionsPathFor",24,26
"src/chat/profileStorage.ts","activeSessionPathFor",28,30
"src/chat/profileStorage.ts","profileStatePathFor",32,34
"src/chat/profileStorage.ts","loadProfileState",36,44
"src/chat/profileStorage.ts","saveProfileState",46,50
"src/chat/profileStorage.ts","migrateLegacySessionStorage",53,68
"src/chat/toolAggregate.ts","countNonemptyLines",9,15
"src/chat/toolAggregate.ts","isShortToolText",17,19
"src/chat/toolAggregate.ts","isAggregatedToolText",21,23
"src/chat/toolAggregate.ts","mergeToolTexts",25,27
"src/chat/toolAggregate.ts","canAggregateToolTexts",29,38
"src/chat/toolAggregate.ts","rebuildAggregatedToolText",40,41
"src/codeLens.ts","registerCodeLensProvider",3,15
"src/diffViewer.ts","registerDiffCommands",3,41
"src/extension.ts","bindChatCommand",13,26
"src/extension.ts","activate",28,165
"src/extension.ts","deactivate",167,169
"src/i18n/format.ts","formatLocaleString",2,8
"src/i18n/index.ts","resolveLocaleFromLanguage",15,21
"src/i18n/index.ts","resolveLocale",23,31
"src/i18n/index.ts","initI18n",33,37
"src/i18n/index.ts","getLocale",39,41
"src/i18n/index.ts","getWebviewLocale",43,45
"src/i18n/index.ts","t",47,50
"src/i18n/index.ts","localizeStatusMessage",53,85
"src/i18n/permissionOptions.ts","normalizePermissionToken",15,17
"src/i18n/permissionOptions.ts","resolvePermissionOptionLabel",20,22
"src/logLevel.ts","classifyLogLevel",4,20
"src/test/runTest.ts","main",4,14
"src/tests/runTest.ts","main",4,18
"src/tests/suite/index.ts","run",5,27
"src/tests/suite/profileModels.test.ts","json",89,96
"src/tests/suite/profileModels.test.ts","json",102,109
"src/tests/suite/providerModelFetch.test.ts","json",10,12